P_G,Q_G,P_L,Q_L,r_line,x_line,P_line,Q_line,V
"[0.003584670088920995, 0.20971119584605866]","[0.9210690028720797, 0.49547468521576515]",[0.38200858 0.3289672  0.43705044],[0.3875828  0.46216883 0.4494747 ],"[0.05, 0.05, 0.05]","[0.1, 0.1, 0.1]","[0.5427555852347723, 0.5100551324862863, -0.03267666110441983]","[-0.32117184481876393, -0.18355041445556708, 0.13762889344180293]","[1.0, 1.0000124639718977, 0.9999821420309978]"
"[0.49590135692922543, 0.3282041410583911]","[0.5600082266257731, 0.8054733317752821]",[0.13635314 0.22732716 0.33029839],[0.33789447 0.14720699 0.39173842],"[0.05, 0.05, 0.05]","[0.1, 0.1, 0.1]","[0.07167464599183404, 0.16189303294027013, 0.09022687405473273]","[-0.41306817033728294, -0.4133727379453376, -0.0003108712168689193]","[1.0, 1.0000943101303603, 1.0000831108003527]"
"[0.25758461898535184, 0.22471346604965978]","[0.7402809952101964, 0.42738162729626955]",[0.24750878 0.33327134 0.48095471],[0.31803728 0.44593627 0.31155889],"[0.05, 0.05, 0.05]","[0.1, 0.1, 0.1]","[0.38590114030876066, 0.4460819378934957, 0.0601889153559203]","[-0.23478596190352619, -0.17527126416916872, 0.059507748029121815]","[1.0, 1.000010466763635, 0.9999880664756132]"
"[0.19545625281387657, 0.15254960420802255]","[-0.22988655505849828, -0.713500887622202]",[0.41877958 0.17858885 0.10287128],[0.4993286  0.26198201 0.28014213],"[0.05, 0.05, 0.05]","[0.1, 0.1, 0.1]","[0.2222666646050584, 0.21134261292513656, -0.01092643825589919]","[0.6592595475040071, 0.8265620379497705, 0.16726997507387184]","[1.0, 0.9998074021403314, 0.9997669429385415]"
"[0.14949185533433199, 0.017733235568723728]","[0.6818738338474903, 0.5027153885111945]",[0.19534605 0.33792789 0.338256  ],[0.19696469 0.37229933 0.40366084],"[0.05, 0.05, 0.05]","[0.1, 0.1, 0.1]","[0.48250565960097447, 0.5265284835925286, 0.0440333678402815]","[-0.23932900215868358, -0.1691493586049546, 0.07017298249259528]","[1.0, 0.9999995303746232, 0.999976482949698]"
"[0.0019368647408984899, 0.1275591865669812]","[0.0068252228319620745, -0.5508460401377615]",[0.46768126 0.29219372 0.24664344],[0.2304686  0.29547524 0.18311904],"[0.05, 0.05, 0.05]","[0.1, 0.1, 0.1]","[0.4832641269206306, 0.4261988097819085, -0.05704580947544945]","[0.4371978390804543, 0.5856609098700574, 0.14844165129763304]","[1.0, 0.9998302947137261, 0.9998003104772681]"
"[0.004112879823097948, 0.3292889223561075]","[0.012701898139524076, -0.8618604515408586]",[0.30380044 0.33911545 0.32300718],[0.13781654 0.43351513 0.39678568],"[0.05, 0.05, 0.05]","[0.1, 0.1, 0.1]","[0.4713613146152511, 0.35759590169004696, -0.1137303269558791]","[0.7002872021480471, 0.9796449485957055, 0.2792958265754759]","[1.0, 0.9997660084944227, 0.9997103898216689]"
"[0.22201451428379773, 0.3725448950296323]","[0.8818340328603199, -0.8262802241197221]",[0.2907946  0.29047974 0.35213076],[0.30850551 0.27962255 0.15314542],"[0.05, 0.05, 0.05]","[0.1, 0.1, 0.1]","[0.28888364762838137, 0.259247407396515, -0.029592707326677577]","[-0.07494061934448837, 0.4523147195718593, 0.527248595672138]","[1.0, 0.9999826280272811, 0.9998545154284045]"
"[0.1263296520646207, 0.42651240670449264]","[-0.8726089727991422, 0.8578283956842967]",[0.37720766 0.19334327 0.21805736],[0.31173511 0.11314387 0.46031481],"[0.05, 0.05, 0.05]","[0.1, 0.1, 0.1]","[0.2252343333286717, 0.13339536879789193, -0.09182004791031433]","[0.5247628396596156, 0.06361867784335118, -0.4610715336865606]","[1.0, 0.9998406550415478, 0.999967421231941]"
"[0.1972586594434384, 0.05558343985558646]","[-0.5072543466204497, 0.6012893615668029]",[0.1987555  0.44131222 0.11030045],[0.16620654 0.17420998 0.46702922],"[0.05, 0.05, 0.05]","[0.1, 0.1, 0.1]","[0.4309786745934616, 0.3678651106572488, -0.06311907581817501]","[0.4096498088915723, 0.13770082798100702, -0.2719029110795241]","[1.0, 0.9998437168120003, 0.9999195944484531]"
"[0.6716614162675152, 0.024125301642168855]","[-0.37312507746275314, 0.047798456076859744]",[0.17035131 0.29314042 0.26703903],[0.1838513  0.43127092 0.26108357],"[0.05, 0.05, 0.05]","[0.1, 0.1, 0.1]","[0.07866153521467822, 0.28581958018094156, 0.20713563642454214]","[0.6074637354217884, 0.4103941467042205, -0.19702606655337884]","[1.0, 0.9998383029575192, 0.999861674218954]"
"[0.17325814225837233, 0.1460279653553175]","[0.20702399486533393, -0.5046357944454103]",[0.12419669 0.43317803 0.24069419],[0.3493537  0.19365067 0.45623942],"[0.05, 0.05, 0.05]","[0.1, 0.1, 0.1]","[0.4548992845820976, 0.3998089727108436, -0.05505859690924416]","[0.3114697348391928, 0.6362764494929252, 0.3247670737609057]","[1.0, 0.9998652729529488, 0.9997909549745223]"
"[0.014904708496985553, 0.5875439295295505]","[-0.45908582586887137, 0.5707850554085282]",[0.20816454 0.26064938 0.11798034],[0.36170131 0.1728211  0.33326392],"[0.05, 0.05, 0.05]","[0.1, 0.1, 0.1]","[0.257337129656662, 0.01888486104689946, -0.23843045189191264]","[0.3421532059173842, 0.052314401279090816, -0.28979954677891506]","[1.0, 0.9998822947898683, 0.9999845607937021]"
"[0.280441298449659, 0.0708787608806567]","[-0.7947024589979605, 0.038351480131998184]",[0.40215936 0.28149469 0.25547261],[0.42763755 0.25296608 0.12893208],"[0.05, 0.05, 0.05]","[0.1, 0.1, 0.1]","[0.3123000120181132, 0.373477427853004, 0.0611680373607081]","[0.7288022149709832, 0.409707325756699, -0.31902349642896005]","[1.0, 0.9997787620296026, 0.9998508893787734]"
"[0.20246112873861166, 0.40565050375035655]","[-0.8382988999076596, 0.6301548373538732]",[0.18123526 0.2535246  0.44706134],[0.42508059 0.17986531 0.4168355 ],"[0.05, 0.05, 0.05]","[0.1, 0.1, 0.1]","[0.2978967795634162, 0.2946715880530064, -0.0032239653593816174]","[0.6077964689361579, 0.19723652006996417, -0.41048228142252907]","[1.0, 0.9998108137864463, 0.9999138581227328]"
"[0.0527171292709605, 0.750341031963217]","[0.19385634297148832, -0.2576614960311784]",[0.17961338 0.47209715 0.37158679],[0.47466717 0.11444946 0.25162603],"[0.05, 0.05, 0.05]","[0.1, 0.1, 0.1]","[0.4033720902632467, 0.13730400684858068, -0.2660299719789527]","[0.11687526779041946, 0.3131060114133106, 0.19623805975448746]","[1.0, 0.9999203633901834, 0.9999045605078705]"
"[0.2727910274205813, 0.48027895453094976]","[0.0615031742135209, -0.8605304239671934]",[0.2973984  0.14806867 0.18833066],[0.13436903 0.42358369 0.37909359],"[0.05, 0.05, 0.05]","[0.1, 0.1, 0.1]","[0.06960980231474423, 0.013897026807399016, -0.0557220261371836]","[0.6547314517874838, 0.9473280382871963, 0.2925425574294511]","[1.0, 0.9998276179883129, 0.9997614374694561]"
"[0.39178585586584386, 0.3779744711708595]","[-0.4685105909741236, 0.26282044486578066]",[0.23246513 0.4407007  0.46322015],[0.45469622 0.35238822 0.26652376],"[0.05, 0.05, 0.05]","[0.1, 0.1, 0.1]","[0.3110673495832543, 0.32317477467699973, 0.012102789655284994]","[0.5486038086082772, 0.2761615213025834, -0.27239443938277363]","[1.0, 0.9998239656713979, 0.9998905638435756]"
"[0.4079446981727798, 0.7849036490899957]","[-0.30500512414706427, 0.4831192245674328]",[0.10570201 0.40411493 0.1583018 ],[0.34643313 0.31428419 0.37717889],"[0.05, 0.05, 0.05]","[0.1, 0.1, 0.1]","[0.03860762617182445, -0.16900266278071285, -0.20758061223015847]","[0.37758788818246103, 0.13583425020033246, -0.2417374455351769]","[1.0, 0.9999007777796256, 0.9999871685244132]"
"[0.15014408754279, 0.39612331226203795]","[-0.4741804343074485, 0.3938624923036677]",[0.31604769 0.26406382 0.46498749],[0.41234363 0.32189847 0.13586144],"[0.05, 0.05, 0.05]","[0.1, 0.1, 0.1]","[0.3489350823110726, 0.3339192725047724, -0.015024600788036493]","[0.44481080918785665, 0.09340793143519477, -0.3513479987176579]","[1.0, 0.9998451809127966, 0.9999349106861406]"
"[0.04735747523882626, 0.03670714225931831]","[-0.1603650187924712, -0.4945612990746331]",[0.23796159 0.45774151 0.49184637],[0.44464909 0.19802715 0.44059506],"[0.05, 0.05, 0.05]","[0.1, 0.1, 0.1]","[0.6754154564498549, 0.6903360112039536, 0.014936470892073238]","[0.5508476032541694, 0.7431573413350634, 0.1922655265957805]","[1.0, 0.9997778661680323, 0.9997279218393249]"
"[0.593710375763275, 0.5783178027713688]","[-0.4415512510074312, -0.20125513640909215]",[0.47563203 0.33934035 0.32190515],[0.45401493 0.26506271 0.2597101 ],"[0.05, 0.05, 0.05]","[0.1, 0.1, 0.1]","[-0.00500359968691555, -0.005692584400094347, -0.0006823785178565198]","[0.6248254762272154, 0.5429266994674435, -0.08188608954656185]","[1.0, 0.9998444222299293, 0.9998649822989889]"
"[0.292265622289366, 0.43593709506608924]","[-0.3783656196026302, 0.6775154387497451]",[0.14871207 0.3626206  0.14408963],[0.19510309 0.39447106 0.19353158],"[0.05, 0.05, 0.05]","[0.1, 0.1, 0.1]","[0.19964672673677342, 0.07890650583590286, -0.1207288978546875]","[0.35395680643750893, -0.06501256300225577, -0.41892115519726547]","[1.0, 0.9998865549736083, 1.0000063902154188]"
"[0.31507770434326, 0.7077235255608056]","[0.15877961821552922, -0.026988233043873835]",[0.15909489 0.34935066 0.25220552],[0.37311668 0.49492758 0.30975599],"[0.05, 0.05, 0.05]","[0.1, 0.1, 0.1]","[0.12103126076567605, -0.04224261143804142, -0.16325767393791216]","[0.33637917627402203, 0.33658038610519725, 0.00019926493571181337]","[1.0, 0.9999007763678397, 0.9999211366151397]"
"[0.13320720644907308, 0.3765540053760004]","[-0.17886718441721872, -0.38834805873002687]",[0.32518993 0.15525584 0.10712103],[0.22856306 0.11977217 0.41414267],"[0.05, 0.05, 0.05]","[0.1, 0.1, 0.1]","[0.17493106802817238, 0.07777144734745889, -0.09714861353665183]","[0.4666601839235227, 0.6346436133867428, 0.1679587399718535]","[1.0, 0.9998614686771067, 0.9998316194592985]"
"[0.30683277004613063, 0.18724833880287295]","[0.7542080389008741, -0.15614148320793858]",[0.44402718 0.43986608 0.38038172],[0.12479125 0.49894962 0.44496412],"[0.05, 0.05, 0.05]","[0.1, 0.1, 0.1]","[0.40310415198177907, 0.42312803980235003, 0.020050417937648973]","[0.03024737860641835, 0.3157308120325979, 0.2854649474808231]","[1.0, 0.9999420548406495, 0.9998681784911896]"
"[0.3340630161952608, 0.1258215211636859]","[0.5496046004204402, -0.35700779710401787]",[0.49129808 0.28318779 0.46410347],[0.45977438 0.46574423 0.13767969],"[0.05, 0.05, 0.05]","[0.1, 0.1, 0.1]","[0.3288701055105321, 0.45859606612657444, 0.12973032132219148]","[0.10903118180203819, 0.30191481138581366, 0.19286154506806366]","[1.0, 0.9999316357937212, 0.9998671997468289]"
"[0.7413176729728628, 0.1558423989088627]","[-0.5393744986753668, -0.055273619942667385]",[0.31410847 0.46050533 0.3965028 ],[0.23526525 0.28345658 0.11163024],"[0.05, 0.05, 0.05]","[0.1, 0.1, 0.1]","[0.14305078426696127, 0.31688637868683145, 0.17381492169187093]","[0.6042948289996275, 0.38561830634989747, -0.2186326619814349]","[1.0, 0.9998310457358421, 0.9998639851072406]"
"[0.5144026252238996, 0.5012892888448581]","[0.142956651191365, -0.6869290689459713]",[0.34890315 0.19435514 0.12289708],[0.47970274 0.46760329 0.15527903],"[0.05, 0.05, 0.05]","[0.1, 0.1, 0.1]","[-0.08945814254934703, -0.1088883159670786, -0.019442559586409964]","[0.49724350064934697, 0.6697977098169758, 0.17253304611251755]","[1.0, 0.9998868749648734, 0.9998461677675838]"
"[0.7503843742426687, 0.6532563462464536]","[0.45420329418944216, -0.7078863542877317]",[0.3705511  0.20965476 0.25734919],[0.36192412 0.45296883 0.35837135],"[0.05, 0.05, 0.05]","[0.1, 0.1, 0.1]","[-0.24242548693337085, -0.19410426746890153, 0.04828105251494069]","[0.3546777495080278, 0.7105595202228869, 0.35586607011138277]","[1.0, 0.9999416392551271, 0.9998466325867875]"
"[0.40121416023892337, 0.2259064986447305]","[0.6152749040030017, -0.1869908355674162]",[0.33959856 0.1517661  0.12529934],[0.46994564 0.47299183 0.19235407],"[0.05, 0.05, 0.05]","[0.1, 0.1, 0.1]","[0.05016966856032923, 0.0997861660689523, 0.04961728848601484]","[0.031599612231730134, 0.20548431356928631, 0.17388181086999455]","[1.0, 0.9999858289252878, 0.9999361556511221]"
"[0.2653265670540771, 0.638793585028174]","[0.2912206832405059, -0.5531636519519224]",[0.35815611 0.47045599 0.44004626],[0.45226875 0.28323726 0.32179388],"[0.05, 0.05, 0.05]","[0.1, 0.1, 0.1]","[0.3205484618645187, 0.18591631444610357, -0.13460406232307437]","[0.28639177102240865, 0.5807476772874907, 0.2943290059106824]","[1.0, 0.9998883344825567, 0.9998315738824103]"
"[0.059979307603837996, 0.2879949848422591]","[-0.20770579505049952, -0.8695979102775977]",[0.12947879 0.34325774 0.41321371],[0.28354589 0.18303886 0.13662034],"[0.05, 0.05, 0.05]","[0.1, 0.1, 0.1]","[0.4806837776827706, 0.4279954398280097, -0.05266795016153736]","[0.5960592515607459, 0.8012677652254752, 0.2051680104419334]","[1.0, 0.9997909007576968, 0.9997461836521163]"
"[0.6592970554762937, 0.11501934840921264]","[0.6591337945586878, -0.6299295264733715]",[0.21701961 0.29855459 0.41871721],[0.10280457 0.29313426 0.34503029],"[0.05, 0.05, 0.05]","[0.1, 0.1, 0.1]","[0.11076590417451371, 0.33227161994295784, 0.22150601237393638]","[0.0810368618854227, 0.5280876818401339, 0.44703168325307774]","[1.0, 0.9999658952007215, 0.999826444272542]"
"[0.04249536966414115, 0.07593426848577216]","[0.3312659883318458, -0.5371032976093122]",[0.17584296 0.46837706 0.47737211],[0.13032587 0.22286475 0.44896886],"[0.05, 0.05, 0.05]","[0.1, 0.1, 0.1]","[0.6678329786973336, 0.6596698627724891, -0.008112691096113584]","[0.2565704941662261, 0.6214670356384886, 0.3648437759054153]","[1.0, 0.9998523873527068, 0.9997621783140419]"
"[0.4498028500947826, 0.1959790492586729]","[-0.7466789356703794, 0.6092335431378186]",[0.15398696 0.25112085 0.13313481],[0.27921031 0.3210614  0.1489984 ],"[0.05, 0.05, 0.05]","[0.1, 0.1, 0.1]","[0.09664132254215474, 0.14190810000536658, 0.045283165600541846]","[0.5585188407321766, 0.04913768343431002, -0.5093018125127118]","[1.0, 0.9998482911668252, 0.9999699774969193]"
"[0.052962256804253496, 0.17243563640826223]","[-0.25371997147173203, 0.9674037560839894]",[0.17630223 0.17617543 0.19212735],[0.45660931 0.20729268 0.29101856],"[0.05, 0.05, 0.05]","[0.1, 0.1, 0.1]","[0.33872102890927636, 0.3042397644424, -0.03450732021167967]","[0.08193622481712737, -0.29719694998539126, -0.3791067893456094]","[1.0, 0.9999371785858812, 1.000036275674911]"
"[0.26298205449446044, 0.014529659178471321]","[0.4734432706039024, 0.18067276838169724]",[0.38209526 0.2671488  0.12665196],[0.15041431 0.4368769  0.47745046],"[0.05, 0.05, 0.05]","[0.1, 0.1, 0.1]","[0.29016753253290517, 0.32615204755074956, 0.03598956434253082]","[0.0745733582621142, 0.1856990265919194, 0.1111172909948968]","[1.0, 0.9999450877173751, 0.9999128079384961]"
"[0.9070396285542518, 0.22413117852990805]","[-0.3579412459775936, -0.3204917036959652]",[0.31831532 0.11062497 0.22477019],[0.15600751 0.30346716 0.17934118],"[0.05, 0.05, 0.05]","[0.1, 0.1, 0.1]","[-0.2806846356315873, -0.014987454696438363, 0.2656740145032319]","[0.6076713148736417, 0.5537770877735966, -0.05384910416775372]","[1.0, 0.9998831784289823, 0.9998634318224947]"
"[0.5538003254185812, 0.44313197582484726]","[-0.5080088575927459, 0.10521507116393143]",[0.41855336 0.33714469 0.45126987],[0.48492499 0.10710763 0.21485643],"[0.05, 0.05, 0.05]","[0.1, 0.1, 0.1]","[0.10829767293671466, 0.18322911156451482, 0.07492690319544093]","[0.44667981876546037, 0.278167081142783, -0.1684894835506641]","[1.0, 0.9998747932498281, 0.9999075546516752]"
"[0.35300377789867515, 0.33971965632678947]","[-0.15286702161394794, -0.15373273654849662]",[0.28949012 0.47414384 0.32143265],[0.13064613 0.40611669 0.1254782 ],"[0.05, 0.05, 0.05]","[0.1, 0.1, 0.1]","[0.3247024199461066, 0.27821931967127966, -0.046477941318378596]","[0.46580401592518683, 0.3725280014150485, -0.09326029976420809]","[1.0, 0.9998429614569204, 0.9998720908489643]"
"[0.30761161374501117, 0.17808870724334544]","[-0.6044163487238542, -0.23884417423938947]",[0.36344507 0.31340311 0.49478198],[0.12610773 0.26782341 0.13456226],"[0.05, 0.05, 0.05]","[0.1, 0.1, 0.1]","[0.35949267963474085, 0.4631386033761373, 0.10362270215765886]","[0.7061242046984262, 0.5398150225960308, -0.16627251662674938]","[1.0, 0.9997785323651635, 0.9998071550859744]"
"[0.6492407451492596, 0.1171125428108394]","[-0.5299364651847586, -0.1395219205016873]",[0.2821483  0.47721734 0.3602164 ],[0.33311919 0.32115654 0.19504325],"[0.05, 0.05, 0.05]","[0.1, 0.1, 0.1]","[0.21640534610014583, 0.35479254413462513, 0.13836526214583825]","[0.6790503986958356, 0.5068426546199589, -0.17216959175412283]","[1.0, 0.9998031872058599, 0.9998289405895119]"
"[0.14328802385208556, 0.08889023363187468]","[0.15471277029657052, 0.32956453865206603]",[0.35683739 0.28916613 0.36703281],[0.30657516 0.38087163 0.18194962],"[0.05, 0.05, 0.05]","[0.1, 0.1, 0.1]","[0.4399885505260954, 0.48408916957419024, 0.04408495118132214]","[0.10162452033682712, -0.02296652055792947, -0.12458531391845871]","[1.0, 0.9999196000345488, 0.999945238159114]"
"[0.356193988950059, 0.3272120983134625]","[0.8366063498072157, 0.3769754014000124]",[0.23179717 0.27094543 0.32278274],[0.18304964 0.27799205 0.4152742 ],"[0.05, 0.05, 0.05]","[0.1, 0.1, 0.1]","[0.19171651144370117, 0.2186405673057834, 0.026944310386790724]","[-0.3596025545757584, -0.16064294930174583, 0.19897022319798652]","[1.0, 1.000065940387725, 1.0000128334594482]"
"[0.5001174776101845, 0.17270252121106602]","[-0.8226336709864686, 0.21752719334881257]",[0.2778751  0.23797616 0.28733737],[0.33222025 0.39783729 0.38237506],"[0.05, 0.05, 0.05]","[0.1, 0.1, 0.1]","[0.11353376642682633, 0.23911371560893713, 0.1255791240173522]","[0.868793711759281, 0.516833024601965, -0.35186917342894597]","[1.0, 0.9997686130692864, 0.9998409025410439]"
"[0.18047743141673095, 0.20949746751834752]","[-0.09603306390761121, -0.03431019103693669]",[0.39949899 0.12975664 0.23595815],[0.17047237 0.41007357 0.22736137],"[0.05, 0.05, 0.05]","[0.1, 0.1, 0.1]","[0.22503221021861464, 0.2507600500471199, 0.02572412605794354]","[0.4246860586645198, 0.3431968726440573, -0.08147832359500227]","[1.0, 0.999865699464089, 0.9998828559714359]"
"[0.140294648278327, 0.10350842069794608]","[-0.16706313548467833, -0.8484050570222992]",[0.30160492 0.20053015 0.34430441],[0.22583255 0.40425174 0.18609145],"[0.05, 0.05, 0.05]","[0.1, 0.1, 0.1]","[0.37051437394802633, 0.43072364320846646, 0.06019584664493825]","[0.7258900220363103, 0.880334411415788, 0.1544090950494425]","[1.0, 0.9997722131995382, 0.9997260759445327]"
"[0.3840579635406652, 0.20130188145172404]","[-0.9144653809376903, 0.07723561465309171]",[0.1427591  0.20832684 0.45864962],[0.3954826  0.2535844  0.35136515],"[0.05, 0.05, 0.05]","[0.1, 0.1, 0.1]","[0.21871289378259462, 0.3630754889036325, 0.1443433657730918]","[0.8702849195879026, 0.5722379412686678, -0.2979661724485032]","[1.0, 0.9997550911225435, 0.9998115562636767]"
"[0.43110197261106525, 0.48955434472144815]","[0.7139010003109, 0.5194315463687216]",[0.15516047 0.42597434 0.48842093],[0.37042415 0.10798277 0.26162611],"[0.05, 0.05, 0.05]","[0.1, 0.1, 0.1]","[0.24624254401987855, 0.24756078479435928, 0.0013326077654940765]","[-0.48980917971357485, -0.3737857375076601, 0.116033916441687]","[1.0, 1.000091679514532, 1.0000625072343456]"
"[0.01429550260880914, 0.5417082444028154]","[0.16217229707739858, 0.3799833832651736]",[0.19473787 0.42432064 0.39962781],[0.17252506 0.30597595 0.16036668],"[0.05, 0.05, 0.05]","[0.1, 0.1, 0.1]","[0.4760141571487111, 0.291976867582207, -0.18403936864190923]","[0.02272310528178423, -0.09844349836839683, -0.12113732735098841]","[1.0, 0.9999348242014147, 0.999988117404203]"
"[0.5808287252940268, 0.15428508218621848]","[-0.4186024768848643, -0.15664789600761622]",[0.48891241 0.41372243 0.28771256],[0.2753895  0.112611   0.21120819],"[0.05, 0.05, 0.05]","[0.1, 0.1, 0.1]","[0.18310019678460776, 0.28328755667143923, 0.10017387683679735]","[0.47683017644794745, 0.42237252620043364, -0.05444852662072616]","[1.0, 0.9998579050269203, 0.9998589960863452]"
"[0.9074096966515613, 0.3721071717383305]","[-0.29281276264747097, -0.25154077700292726]",[0.44722056 0.21493625 0.28197553],[0.21581107 0.20433763 0.26686566],"[0.05, 0.05, 0.05]","[0.1, 0.1, 0.1]","[-0.24166084089051765, -0.04086720609529948, 0.20077351152321946]","[0.5043211948877797, 0.5113897042983808, 0.007092620783949843]","[1.0, 0.9999041349277329, 0.9998772637234328]"
"[0.010352199777167158, 0.300204679857329]","[0.1186595254683324, -0.6672016275846644]",[0.13102721 0.13524416 0.36358304],[0.13028242 0.22392177 0.32928518],"[0.05, 0.05, 0.05]","[0.1, 0.1, 0.1]","[0.3544449091320985, 0.3339475573939126, -0.020482998800850964]","[0.40242840637301924, 0.6995649461855464, 0.2970942661556667]","[1.0, 0.9998550880186106, 0.9997833653266168]"
"[0.4287260847974057, 0.7005628514926923]","[-0.38154263946334144, 0.07910141049820416]",[0.15721635 0.11973946 0.29140401],[0.49051455 0.4381151  0.34214829],"[0.05, 0.05, 0.05]","[0.1, 0.1, 0.1]","[-0.09232463819785153, -0.12573790117676253, -0.03338935651159846]","[0.6342182551215956, 0.4486522174188394, -0.18554217702977926]","[1.0, 0.9998529912553898, 0.9999035580131872]"
"[0.3155161183260352, 0.07100722685536305]","[-0.05896102594584184, -0.5883838688506888]",[0.23075821 0.39162831 0.40431386],[0.11449906 0.26973049 0.31326757],"[0.05, 0.05, 0.05]","[0.1, 0.1, 0.1]","[0.4119107661392718, 0.49766265139760435, 0.08574358639599482]","[0.5198052273135545, 0.7108468968649504, 0.19100374817530785]","[1.0, 0.9998185605696127, 0.9997600810767604]"
"[0.11107296541909806, 0.16299236949725895]","[-0.23607323469120392, -0.3178836049602527]",[0.32706484 0.44973974 0.26166957],[0.44807525 0.37906417 0.13488052],"[0.05, 0.05, 0.05]","[0.1, 0.1, 0.1]","[0.5087412251230035, 0.4287307369481823, -0.07999726411107841]","[0.5611513131430002, 0.5070061916844679, -0.05412951841547126]","[1.0, 0.9997961211457658, 0.9998196580696561]"
"[0.14101677767360657, 0.04973625377394526]","[-0.28965812295907245, -0.10580870202195355]",[0.41726595 0.4426281  0.32567578],[0.3224116  0.1115503  0.48310581],"[0.05, 0.05, 0.05]","[0.1, 0.1, 0.1]","[0.5431223431946819, 0.5345631489851712, -0.008552752161634284]","[0.46390578193268084, 0.5264864333307742, 0.06256981073777833]","[1.0, 0.9998161362879999, 0.9998015602989541]"
"[0.04250758717236506, 0.21541942282155882]","[0.20286076916415074, 0.050345159164259926]",[0.10408698 0.39078956 0.15006551],[0.44133469 0.31547628 0.11483542],"[0.05, 0.05, 0.05]","[0.1, 0.1, 0.1]","[0.46043040328299867, 0.322541552628536, -0.13787923831480856]","[0.09662663998142307, 0.08056691438605412, -0.016044206760058993]","[1.0, 0.9999182948475431, 0.9999395430671515]"
"[0.03988552016958158, 0.08662022440580489]","[-0.08646766636149009, 0.021391556856825485]",[0.44926939 0.13982791 0.4103193 ],[0.48259716 0.4332444  0.4012668 ],"[0.05, 0.05, 0.05]","[0.1, 0.1, 0.1]","[0.42457492664925667, 0.4991719184674821, 0.0745820174361835]","[0.47320522523659747, 0.42659285185163753, -0.04660789081696492]","[1.0, 0.9998286279322235, 0.9998309578515603]"
"[0.2824612114627014, 0.369904916475906]","[-0.6228129084042989, -0.8361907765191129]",[0.33043914 0.40516808 0.48050802],[0.46377097 0.38342673 0.4998369 ],"[0.05, 0.05, 0.05]","[0.1, 0.1, 0.1]","[0.3688549368080203, 0.3648340667036791, -0.004024769913431935]","[1.1165249077866974, 1.2265004631408374, 0.10993959671836899]","[1.0, 0.9996747630274173, 0.9996477725550122]"
"[0.6390157361527856, 0.06929460176661871]","[0.39962181602067937, -0.25303617330077116]",[0.12628915 0.2028121  0.22376745],[0.32775325 0.13193635 0.19456488],"[0.05, 0.05, 0.05]","[0.1, 0.1, 0.1]","[0.010697109292550522, 0.20759504368811577, 0.19690061971160885]","[-0.029241198946238, 0.20920264762253282, 0.23844402458113384]","[1.0, 1.0000059731811057, 0.99992175028915]"
"[0.005811148645061752, 0.45797823529628456]","[0.010222004281674597, 0.6259135776289743]",[0.18384927 0.46198473 0.4923466 ],[0.366816   0.28606979 0.4764984 ],"[0.05, 0.05, 0.05]","[0.1, 0.1, 0.1]","[0.5656081834831639, 0.42500356374398507, -0.1406076330026634]","[0.1341789305220118, -0.0076067048767072265, -0.14175333133932638]","[1.0, 0.9998957620115223, 0.9999487819771509]"
"[0.3029621986931996, 0.5311669890721503]","[-0.8997834639814164, 0.32165938767124463]",[0.2463835  0.44302416 0.29937526],[0.32552318 0.12362494 0.48001962],"[0.05, 0.05, 0.05]","[0.1, 0.1, 0.1]","[0.26618635164345505, 0.1422000955647036, -0.12395202922179525]","[0.7352072624357788, 0.4467938139923717, -0.2883539846496855]","[1.0, 0.9997829252119261, 0.9998705267406117]"
"[0.4326972576195833, 0.14031497486288572]","[-0.3793029031707729, 0.5878217310278464]",[0.30169385 0.13784885 0.25161008],[0.23331437 0.17724714 0.29296099],"[0.05, 0.05, 0.05]","[0.1, 0.1, 0.1]","[0.09054339792646715, 0.22593238742206267, 0.13538147729983296]","[0.2727807617666258, -0.011033294805656624, -0.28378993783833834]","[1.0, 0.9999204869505085, 0.9999745184493367]"
"[0.6530985711855715, 0.278112624985316]","[0.33223990756965666, 0.18495996009493443]",[0.40845207 0.12480387 0.42838295],[0.27345941 0.21183365 0.21758366],"[0.05, 0.05, 0.05]","[0.1, 0.1, 0.1]","[-0.052100489888971424, 0.17408760627927222, 0.22619327087212307]","[-0.06938725066311235, -0.018372324115262018, 0.05101712803844605]","[1.0, 1.0000238593833704, 0.9999828331799268]"
"[0.6519688759939255, 0.005862087367113784]","[0.5550203114988265, 0.09182981708909095]",[0.41311809 0.47701417 0.23992011],[0.27907244 0.40857327 0.31613483],"[0.05, 0.05, 0.05]","[0.1, 0.1, 0.1]","[0.21139486308425148, 0.34773472191136534, 0.13634391991020325]","[-0.022845124017749185, 0.10075564130602288, 0.123590610447547]","[1.0, 0.9999792884746386, 0.9999313470127845]"
"[0.44981777676474494, 0.5116047881786474]","[-0.5832112078657186, -0.31524502116074565]",[0.20658601 0.4333582  0.42033569],[0.11183048 0.27924661 0.3433326 ],"[0.05, 0.05, 0.05]","[0.1, 0.1, 0.1]","[0.20868673432642026, 0.1837398519708131, -0.02493806957034746]","[0.7946622140834734, 0.7266837507886521, -0.06796436156258791]","[1.0, 0.9997752497170226, 0.9997953625890406]"
"[0.16878870697962536, 0.18855361543025115]","[0.8134703970209327, -0.5466424443982262]",[0.21714081 0.43762682 0.4536143 ],[0.38261028 0.48477938 0.15565378],"[0.05, 0.05, 0.05]","[0.1, 0.1, 0.1]","[0.5176373507413246, 0.5163591472708049, -0.0012342847980269535]","[0.015051093123474857, 0.3587495279484756, 0.343675065678976]","[1.0, 0.9999315406901224, 0.9998457712738537]"
"[0.4170191756190211, 0.025141931030352116]","[0.5794025687749855, -0.027902699265778968]",[0.15562017 0.22668902 0.43497881],[0.26361435 0.18323289 0.18141573],"[0.05, 0.05, 0.05]","[0.1, 0.1, 0.1]","[0.2597535483307638, 0.4598028626321593, 0.20007054716753472]","[-0.19430328479711534, 0.007551401414730208, 0.2018400877504484]","[1.0, 1.0000161106082601, 0.9999406432909773]"
"[0.06880258282059924, 0.11975702188114502]","[0.834093550001633, -0.566879313799997]",[0.17796964 0.18221909 0.41903991],[0.45815774 0.41428505 0.15057473],"[0.05, 0.05, 0.05]","[0.1, 0.1, 0.1]","[0.425421203942733, 0.4873634821972246, 0.0619818630893743]","[-0.040656646023307985, 0.33847276034885, 0.3791061960083047]","[1.0, 0.999956992720425, 0.99985446453775]"
"[0.066578192294446, 0.5032124444779945]","[0.5722095945812103, -0.330176042726562]",[0.15477101 0.35235751 0.20817574],[0.40100672 0.25559396 0.45147269],"[0.05, 0.05, 0.05]","[0.1, 0.1, 0.1]","[0.34221245264143363, 0.1485909060816084, -0.1935818112778885]","[0.04952133384404078, 0.4156332398479208, 0.3661070787861651]","[1.0, 0.9999448462593711, 0.9998775179364063]"
"[0.05382235461412787, 0.5677536071235352]","[-0.6353324589441631, -0.44335313472969157]",[0.17182762 0.28451276 0.13791263],[0.39926492 0.21872011 0.23964461],"[0.05, 0.05, 0.05]","[0.1, 0.1, 0.1]","[0.2606146275923038, 0.04039788781301468, -0.22016370905620836]","[0.7972035162970315, 0.7401729716493719, -0.0570249173047135]","[1.0, 0.9997681228876287, 0.9998099104184621]"
"[0.28636719687760653, 0.039248811624562126]","[0.4233813529254303, -0.12655918136616556]",[0.4121957  0.19472024 0.26779569],[0.18359243 0.38125202 0.24210743],"[0.05, 0.05, 0.05]","[0.1, 0.1, 0.1]","[0.26510064701915326, 0.37183695162639196, 0.1067376903529655]","[0.09482984188025512, 0.2317827879410288, 0.13693935222240036]","[1.0, 0.9999431564395828, 0.9998955767314042]"
"[0.2542208921438748, 0.37347258783945]","[0.4219674131539367, -0.8112936405087081]",[0.30536338 0.24196112 0.30041317],[0.40007638 0.28236118 0.19269522],"[0.05, 0.05, 0.05]","[0.1, 0.1, 0.1]","[0.21751001551251647, 0.1972555960005593, -0.020243429537270572]","[0.24164650523698583, 0.6229057221266885, 0.38122630802165675]","[1.0, 0.9999123999139126, 0.9998196170275735]"
"[0.6145477399464965, 0.39811660240085484]","[-0.38494396443250817, -0.8966665538515174]",[0.38495696 0.29165513 0.45684803],[0.45411358 0.37172916 0.21446147],"[0.05, 0.05, 0.05]","[0.1, 0.1, 0.1]","[0.054409854262530644, 0.18165625462233947, 0.12720637927503098]","[0.8750355097090505, 0.9932202070085623, 0.11817022682160686]","[1.0, 0.9997744444784392, 0.999728991017133]"
"[0.4404214912915434, 0.09406310407868884]","[-0.6638275418603937, 0.9838498632653101]",[0.44575032 0.1443072  0.48175209],[0.21586238 0.44713486 0.37599852],"[0.05, 0.05, 0.05]","[0.1, 0.1, 0.1]","[0.18186213554690767, 0.4098215812393846, 0.2279360873929881]","[0.53815574775399, -0.034826660713406454, -0.5728873241348811]","[1.0, 0.9998427285338611, 0.9999574846718182]"
"[0.6253389746016869, 0.25306432128264067]","[0.522895069327133, -0.5644711102557478]",[0.2747092  0.10074352 0.12489412],[0.27178391 0.47480214 0.37944949],"[0.05, 0.05, 0.05]","[0.1, 0.1, 0.1]","[-0.1424345394757438, -0.010255699021854525, 0.1321483943574286]","[0.2826341692107235, 0.613344329978645, 0.33070205782888]","[1.0, 0.9999471482913579, 0.9998479490192125]"
"[0.0033932413819188715, 0.2656005165665819]","[-0.03811836850191636, -0.3475346585614865]",[0.407615   0.27256813 0.12476907],[0.28326592 0.44157916 0.3278234 ],"[0.05, 0.05, 0.05]","[0.1, 0.1, 0.1]","[0.3825710368162163, 0.2458848055027829, -0.13665927569908698]","[0.5450268437189152, 0.6102535482937128, 0.06521845860772177]","[1.0, 0.999815922288059, 0.9998167011219342]"
"[0.1403579077644304, 0.08977194699168005]","[-0.44905817571465195, 0.7052761649180272]",[0.28617424 0.2604994  0.37595029],[0.34719254 0.3335054  0.47549312],"[0.05, 0.05, 0.05]","[0.1, 0.1, 0.1]","[0.42552497041492643, 0.4808872589978819, 0.0553360616620187]","[0.4452254720331439, 0.10773983556009625, -0.3374329295233318]","[1.0, 0.9998355042975695, 0.9999129598324754]"
"[0.1452872464710766, 0.1944522290155443]","[0.22524997919969278, 0.6080821437311554]",[0.31074055 0.24641696 0.35523131],[0.3053992  0.42990067 0.27478857],"[0.05, 0.05, 0.05]","[0.1, 0.1, 0.1]","[0.37102736648921564, 0.3909248463403401, 0.019880367045712187]","[0.025378962158356444, -0.15393500966138163, -0.1793063003254831]","[1.0, 0.9999472808515495, 0.9999896249880453]"
"[0.020859502741832004, 0.008021287321693573]","[-0.31152593082749364, 0.1550930913113007]",[0.19195477 0.10113772 0.26585503],[0.14760402 0.13904484 0.26008965],"[0.05, 0.05, 0.05]","[0.1, 0.1, 0.1]","[0.3894917717714179, 0.44868653405364967, 0.05918052923908871]","[0.3354496160218332, 0.22025042025143193, -0.11518720810722154]","[1.0, 0.9998674526616201, 0.9998888551605715]"
"[0.011975807865500544, 0.6789867086438613]","[0.0458559070566267, 0.21656992130125577]",[0.22775624 0.42271467 0.46045452],[0.49172508 0.27071073 0.3384402 ],"[0.05, 0.05, 0.05]","[0.1, 0.1, 0.1]","[0.4510134024412764, 0.24123921133218573, -0.2097554247640244]","[0.19058465755779253, 0.15623232688403732, -0.03433010197164639]","[1.0, 0.9998959811150131, 0.9999307878484552]"
"[0.14933451556789604, 0.44129920519194393]","[0.04363619213125932, -0.41403381999982614]",[0.35044392 0.33770678 0.13391811],[0.22268759 0.46150777 0.14135348],"[0.05, 0.05, 0.05]","[0.1, 0.1, 0.1]","[0.27316624586273974, 0.10789873559428997, -0.16524223201938723]","[0.46378177668475473, 0.5096247239480363, 0.04583777200806679]","[1.0, 0.9998499088283432, 0.9998591071516466]"
"[0.00014164266888365851, 0.13459883689287264]","[0.0734283363046016, -0.35148022591391714]",[0.47094203 0.4724914  0.41524742],[0.27250814 0.25426444 0.42298228],"[0.05, 0.05, 0.05]","[0.1, 0.1, 0.1]","[0.6585393712498444, 0.5946223091282263, -0.0638825367735481]","[0.37885938049885226, 0.5767658968861724, 0.19787897657631845]","[1.0, 0.9998229746116832, 0.9997814836684825]"
"[0.043300750581892956, 0.008367711734948907]","[-0.08057682682986796, 0.327424610657654]",[0.32126384 0.25542617 0.36925745],[0.46545027 0.22496439 0.30185327],"[0.05, 0.05, 0.05]","[0.1, 0.1, 0.1]","[0.5117468903727058, 0.5613478830932763, 0.04958397174658748]","[0.19525088255113587, 0.08487823333052802, -0.11036533648255832]","[1.0, 0.9998872242779381, 0.9999086203716218]"
"[0.20526834674406108, 0.03537555032294251]","[-0.2890388940677115, 0.018953144520375144]",[0.30705342 0.41613112 0.27669411],[0.20820804 0.28957625 0.45585541],"[0.05, 0.05, 0.05]","[0.1, 0.1, 0.1]","[0.47107479726673773, 0.48122813930513075, 0.010148969841761857]","[0.5315034658874538, 0.48425715042003503, -0.047237776682578475]","[1.0, 0.9998082411015462, 0.9998187839818244]"
